{
    "orders": [
      {
        "order_id": "10001",
        "customer": {
          "customer_id": "201",
          "name": "Alice Johnson",
          "email": "alice.johnson@example.com",
          "address": {
            "street": "789 Maple Avenue",
            "city": "Dover",
            "state": "DE",
            "zip_code": "19901",
            "country": "USA"
          }
        },
        "order_date": "2024-06-01T09:15:32Z",
        "status": "Delivered",
        "items": [
          {
            "item_id": "P1001",
            "product_name": "Laptop",
            "quantity": 1,
            "price": 899.99,
            "total": 899.99
          },
          {
            "item_id": "P1002",
            "product_name": "Mouse",
            "quantity": 2,
            "price": 25.50,
            "total": 51.00
          }
        ],
        "subtotal": 950.99,
        "tax": 76.08,
        "shipping": 15.00,
        "total": 1042.07,
        "payment_method": "Credit Card",
        "shipping_method": "Standard"
      },
      {
        "order_id": "10002",
        "customer": {
          "customer_id": "202",
          "name": "Bob Smith",
          "email": "bob.smith@example.com",
          "address": {
            "street": "456 Birch Lane",
            "city": "Austin",
            "state": "TX",
            "zip_code": "73301",
            "country": "USA"
          }
        },
        "order_date": "2024-06-10T14:45:21Z",
        "status": "Processing",
        "items": [
          {
            "item_id": "P1003",
            "product_name": "Smartphone",
            "quantity": 1,
            "price": 699.99,
            "total": 699.99
          },
          {
            "item_id": "P1004",
            "product_name": "Headphones",
            "quantity": 1,
            "price": 199.99,
            "total": 199.99
          }
        ],
        "subtotal": 899.98,
        "tax": 72.00,
        "shipping": 10.00,
        "total": 981.98,
        "payment_method": "PayPal",
        "shipping_method": "Express"
      },
      {
        "order_id": "10003",
        "customer": {
          "customer_id": "203",
          "name": "Charlie Davis",
          "email": "charlie.davis@example.com",
          "address": {
            "street": "123 Oak Street",
            "city": "San Francisco",
            "state": "CA",
            "zip_code": "94107",
            "country": "USA"
          }
        },
        "order_date": "2024-06-15T12:30:45Z",
        "status": "Shipped",
        "items": [
          {
            "item_id": "P1005",
            "product_name": "Tablet",
            "quantity": 1,
            "price": 299.99,
            "total": 299.99
          },
          {
            "item_id": "P1006",
            "product_name": "Charger",
            "quantity": 1,
            "price": 29.99,
            "total": 29.99
          }
        ],
        "subtotal": 329.98,
        "tax": 27.60,
        "shipping": 5.00,
        "total": 362.58,
        "payment_method": "Credit Card",
        "shipping_method": "Standard"
      }
    ]
  }
  